Keyword,Search Intent (Transactional/Informational),Search Volume,SEO Difficulty,GEO Relevance (High/Medium),Recommended Landing Page
wholesale clear tiramisu boxes,Commercial,450,18,High,/products.html#boxes
bulk clear plastic dessert cups with lids,Transactional,1200,25,Medium,/products.html#boxes
custom printed dessert box sleeves manufacturer,Transactional,260,15,High,/custom-branding.html#sleeves
clear food grade packaging supplier,Commercial,350,22,High,/factory.html
custom logo stickers for dessert boxes,Transactional,580,28,Medium,/custom-branding.html#stickers
wholesale bakery packaging with logo,Transactional,850,32,High,/custom-branding.html
bulk tiramisu takeaway containers,Transactional,180,12,Medium,/products.html#boxes
custom branded dessert ribbons supplier,Transactional,150,14,High,/custom-branding.html#ribbons
acrylic cocoa stencils wholesale,Transactional,120,8,High,/products.html#stencils
transparent cake packaging boxes bulk,Transactional,650,24,Medium,/products.html#boxes
custom dessert carrier paper bags,Transactional,210,16,Medium,/custom-branding.html#bags
wholesale clear pastry packaging,Commercial,300,20,High,/products.html
pre-matched dessert packaging kits,Commercial,90,5,High,/packaging-kits.html
food grade PS vs PET dessert containers wholesale,Commercial,110,10,High,/resources.html
custom tiramisu packaging solutions low MOQ,Transactional,140,12,High,/custom-branding.html
luxury dessert packaging boxes manufacturer,Transactional,380,26,High,/index.html
hard plastic dessert cups wholesale,Transactional,950,22,Medium,/products.html#boxes
custom logo stencils for tiramisu powder,Transactional,130,9,High,/products.html#stencils
bakery packaging supply company hangzhou,Commercial,80,6,High,/factory.html
crystal clear tiramisu trays bulk,Transactional,160,11,Medium,/clear-dessert-box-sizes.html
best premium clear dessert box manufacturers with low MOQ,Commercial,180,14,High,/index.html
how to choose a large tiramisu box,Informational,220,10,High,/resources.html
how to design paper sleeves for dessert box branding,Informational,150,12,High,/resources.html
custom paper sleeves vs logo stickers for bakery boxes,Informational,130,8,High,/resources.html
food safe packaging guidelines for clear plastic cake boxes,Informational,190,15,High,/factory.html
how to use acrylic cocoa stencils for wedding desserts,Informational,140,7,High,/applications.html#wedding
bakery gift packaging kits for birthday parties,Informational,240,16,High,/packaging-kits.html
where to buy wholesale premium clear plastic tiramisu box,Commercial,210,13,High,/index.html
eco-friendly clear dessert box materials comparison,Informational,280,18,High,/resources.html
dessert brand upgrade custom branding packaging elements,Informational,110,9,High,/custom-branding.html
